N time-averaged Sensitivity Matrix,,,,,,,,,,,,,,,,,,,,,,,,,,
,K_L,K_X,e_X,e_L,R_X,R_L,tau_mRNA,tau_protein,W_I1,W_12,W_13,W_23,W_jj,k_I1,n_I1,k_12,n_12,k_13,n_13,Gene_gDW,L1_gene,L2_gene,L3_gene,kdeg_m,kdeg_p,dilution
m1,0,1.08E-05,1.69E-08,0,2.68E-06,0,1.68E-05,0,0,0,0,0,60.97470617,0,0,0,0,0,0,6.55E-07,0,0,0,0.000175863,0,0.000175468
m2,1.72E-07,3.07E-05,4.82E-08,7.88E-08,7.64E-06,8.77E-08,4.78E-05,9.79E-05,0,5.20E-06,0,0,78.05271315,0,0,7.83E-08,0.000613455,0,0,1.87E-06,0,0,0,0.000501845,0.004057019,0.00456758
m3,1.21E-07,2.69E-05,4.22E-08,5.52E-08,6.69E-06,6.14E-08,1.50E-05,6.86E-05,0,0,7.29E-06,0,54.63696455,0,0,0,0,5.48E-08,0.000429419,1.63E-06,0,0,0,0.000439224,0.002839917,0.003285044
p1,5.35E-05,0.004290304,6.75E-06,2.45E-05,0.00106776,2.73E-05,0.006675111,0.030429368,0,0,0,0,24282.60854,0,0,0,0,0,0,0.00026094,0,0,0,0.069979772,1.266189538,1.338135491
p2,0.00010337,0.008257923,1.30E-05,4.72E-05,0.002055672,5.25E-05,0.012869211,0.058745176,0,0.001373982,0,0,20607.55359,0,0,2.07E-05,0.162694852,0,0,0.000502194,0,0,0,0.134737518,2.260863053,2.402024394
p3,0.000128075,0.010237922,1.61E-05,5.85E-05,0.00254844,6.51E-05,0.005555652,0.07278499,0,0,0.002693008,0,20195.42491,0,0,0,0,2.03E-05,0.1594412,0.00062262,0,0,0,0.167032727,2.848741848,3.023053022
