N time-averaged Sensitivity Matrix,,,,,,,,,,,,,,,,,,,,,,,,,,
,K_L,K_X,e_X,e_L,R_X,R_L,tau_mRNA,tau_protein,W_I1,W_12,W_13,W_23,W_jj,k_I1,n_I1,k_12,n_12,k_13,n_13,Gene_gDW,L1_gene,L2_gene,L3_gene,kdeg_m,kdeg_p,dilution
m1,0,154.5289332,1,0,1,0,0.742209489,0,0.009976372,0,0,0,1.09E-10,0.281183834,0.000273718,0,0,0,0,154.8833051,0,0,0,3468.192298,0,183.5067669
m2,0.004906965,66.23853247,1.004909271,9.828415901,1.004909271,9.828415901,0.745850656,8.587654843,4.90E-05,147.5528357,0,0,1.37E-08,0.000588306,1.34E-06,9.791969415,0.012746871,0,0,66.39044623,0,0,0,1484.585094,4.11E-05,80.87526467
m3,0.010734639,107.4504216,0.998735921,32.86221481,0.998735921,32.86221481,0.007854108,29.90098518,8.62E-05,2.85838068,0.174298981,2.895392808,5.58E-08,0.001689555,2.36E-06,1.054779588,0.000139378,29.28208643,0.023398374,107.6979479,0,0,0,2408.202518,8.42E-05,126.3684545
p1,0.777621813,2.53E+06,0.776544855,7.67E+07,0.776544855,7.67E+07,0.575973032,6.73E+07,0.007746198,0,0,0,1.54E-06,4595.251575,0.000212528,0,0,0,0,2.53E+06,0,0,0,5.27E+07,0.007537449,2.46E+07
p2,0.882155146,623739.52,0.880624691,1.74E+07,0.880624691,1.74E+07,0.653317409,1.59E+07,0.00036157,1.69E+06,0,0,5.93E-06,44.05597684,9.92E-06,667486.0911,0.016595314,0,0,625190.3364,0,0,0,1.26E+07,0.006916767,5.07E+06
p3,0.860152756,1.73E+06,0.858829536,5.03E+07,0.858829536,5.03E+07,0.035549047,4.51E+07,0.000488513,7386.416661,0.167737514,7267.804161,4.65E-06,169.6412504,1.34E-05,2985.571711,1.88E-05,2.61E+06,0.005531026,1.74E+06,0,0,0,3.47E+07,0.006849246,1.43E+07
